3D Object filename,Visual Fidelity
188368__hunyuan3d_v2p1_single_N1_a_2025-08-17_v1_h00d888f7.glb,0.95
188368__hunyuan3d_v2p1_single_N1_a_2025-08-17_v1_h9ee9037e.glb,0.95
188368__hunyuan3d_v2_single_N1_a_2025-08-17_v1_h148d7f7b.glb,0.775
188368__hunyuan3d_v2_single_N1_a_2025-08-17_v1_h28355d14.glb,0.85
188368__trellis_single_N1_a_2025-08-17_v1_hdacc82be.glb,0.55
188368__trellis_single_N1_a_2025-08-17_v1_hdf3f57f3.glb,0.65
188368__tripo3d_v2p5_single_N1_a_2025-08-17_v1_hbced2e24.glb,0.875
188368__tripo3d_v2p5_single_N1_a_2025-08-17_v1_hf8fdb674.glb,0.85
188368__triposr_single_N1_a_2025-08-17_v1_h4b9de87e.glb,0.35
188368__triposr_single_N1_a_2025-08-17_v1_h8528e22a.glb,0.35
188369__rodin_multi_N2_A-B_2025-08-17_v1_hc613251a.glb,0.875
188369__trellis_multi_multidiffusion_N2_a-b_2025-08-17_v1_h4ec167bc.glb,0.65
188369__trellis_multi_multidiffusion_N2_A-B_2025-08-17_v1_ha9da0111.glb,0.65
188369__trellis_multi_stochastic_N2_a-b_2025-08-17_v1_h4f9b0c6b.glb,0.75
188369__trellis_multi_stochastic_N2_A-B_2025-08-17_v1_h87e1c706.glb,0.6
188369__tripo3d_v2p5_multi_N2_A-B_2025-08-17_v1_hd7930892.glb,0.5
241704__rodin_multi_N4_A-B-C-D_2025-08-17_v1_hffe45481.glb,0.825
241704__trellis_multi_multidiffusion_N4_a-b-c-d_2025-08-17_v1_h4dbbda36.glb,0.85
241704__trellis_multi_multidiffusion_N4_A-B-C-D_2025-08-17_v1_hb43422ab.glb,0.55
241704__trellis_multi_stochastic_N4_a-b-c-d_2025-08-17_v1_h18010bb9.glb,0.8
241704__trellis_multi_stochastic_N4_A-B-C-D_2025-08-17_v1_h8ceaba74.glb,0.8
241704__tripo3d_v2p5_multi_N4_A-B-C-D_2025-08-17_v1_h88134564.glb,0.5
335870_curved-backrest_hunyuan3d_v2p1_single_N1_a_2025-08-17_v1_h2b4dada9.glb,0.4
335870_curved-backrest_hunyuan3d_v2p1_single_N1_a_2025-08-17_v1_h56f5e55c.glb,0.4
335870_curved-backrest_hunyuan3d_v2_single_N1_a_2025-08-17_v1_h84c2a67a.glb,0.45
335870_curved-backrest_hunyuan3d_v2_single_N1_a_2025-08-17_v1_hc5cafe38.glb,0.45
335870_curved-backrest_trellis_single_N1_a_2025-08-17_v1_h762b5259.glb,0.35
335870_curved-backrest_trellis_single_N1_a_2025-08-17_v1_hab8e0258.glb,0.35
335870_curved-backrest_tripo3d_v2p5_single_N1_a_2025-08-17_v1_h432f170f.glb,0.8
335870_curved-backrest_tripo3d_v2p5_single_N1_a_2025-08-17_v1_heb95cac6.glb,0.8
335870_curved-backrest_triposr_single_N1_a_2025-08-17_v1_h8382f97c.glb,0.35
335870_curved-backrest_triposr_single_N1_a_2025-08-17_v1_hf0ca7cdc.glb,0.35
335870__rodin_multi_N2_A-B_2025-08-17_v1_h198675d6.glb,0.825
335870__trellis_multi_multidiffusion_N2_a-b_2025-08-17_v1_h9590e635.glb,0.775
335870__trellis_multi_multidiffusion_N2_A-B_2025-08-17_v1_ha2ce7a7b.glb,0.75
335870__trellis_multi_stochastic_N2_A-B_2025-08-17_v1_h4a784c6c.glb,0.85
335870__trellis_multi_stochastic_N2_a-b_2025-08-17_v1_h72329611.glb,0.8
335870__tripo3d_v2p5_multi_N2_A-B_2025-08-17_v1_hd0917654.glb,0.85
335888_curved-backrest_rodin_multi_N3_A-B-C_2025-08-17_v1_h3da8edd9.glb,0.825
335888_curved-backrest_trellis_multi_multidiffusion_N3_A-B-C_2025-08-17_v1_h7a9164db.glb,0.7
335888_curved-backrest_trellis_multi_multidiffusion_N3_a-b-c_2025-08-17_v1_hedd3c989.glb,0.85
335888_curved-backrest_trellis_multi_stochastic_N3_A-B-C_2025-08-17_v1_h020af799.glb,0.85
335888_curved-backrest_trellis_multi_stochastic_N3_a-b-c_2025-08-17_v1_hd9989ca0.glb,0.875
335888_curved-backrest_tripo3d_v2p5_multi_N3_A-B-C_2025-08-17_v1_h8a61ab22.glb,0.925
335905__rodin_multi_N2_A-B_2025-08-17_v1_h2ed138e9.glb,0.925
335905__trellis_multi_multidiffusion_N2_A-B_2025-08-17_v1_h816a44cc.glb,0.3
335905__trellis_multi_stochastic_N2_a-b_2025-08-17_v1_h2709610b.glb,0.35
335905__trellis_multi_stochastic_N2_A-B_2025-08-17_v1_h5a194a1d.glb,0.4
335905__tripo3d_v2p5_multi_N2_A-B_2025-08-17_v1_h604397b0.glb,0.875
341758_65-cm_rodin_multi_N2_A-B_2025-08-17_v1_h93977650.glb,0.8
341758_65-cm_trellis_multi_multidiffusion_N2_A-B_2025-08-17_v1_ha7798bdb.glb,0.75
341758_65-cm_trellis_multi_stochastic_N2_A-B_2025-08-17_v1_hac185239.glb,0.75
341758_65-cm_tripo3d_v2p5_multi_N2_A-B_2025-08-17_v1_h0026fa58.glb,0.775
341758_75-cm_hunyuan3d_v2p1_single_N1_a_2025-08-17_v1_h076bc0bf.glb,0.85
341758_75-cm_hunyuan3d_v2p1_single_N1_a_2025-08-17_v1_h0e859cd7.glb,0.75
341758_75-cm_hunyuan3d_v2_single_N1_a_2025-08-17_v1_h739ee432.glb,0.8
341758_75-cm_hunyuan3d_v2_single_N1_a_2025-08-17_v1_h889af8cd.glb,0.75
341758_75-cm_trellis_single_N1_a_2025-08-17_v1_h0c77e4bc.glb,0.45
341758_75-cm_trellis_single_N1_a_2025-08-17_v1_h3f3f5a75.glb,0.45
341758_75-cm_tripo3d_v2p5_single_N1_a_2025-08-17_v1_h61f285f2.glb,0.775
341758_75-cm_tripo3d_v2p5_single_N1_a_2025-08-17_v1_hcf6a33ee.glb,0.775
341758_75-cm_triposr_single_N1_a_2025-08-17_v1_he8e5ad83.glb,0.3
341758_75-cm_triposr_single_N1_a_2025-08-17_v1_hf65a60b6.glb,0.3
353425__rodin_multi_N2_A-B_2025-08-17_v1_h6874e572.glb,0.7
353425__trellis_multi_multidiffusion_N2_A-B_2025-08-17_v1_h98f79d4d.glb,0.3
353425__trellis_multi_stochastic_N2_A-B_2025-08-17_v1_h5d6b66b5.glb,0.75
353425__tripo3d_v2p5_multi_N2_A-B_2025-08-17_v1_hce6574fa.glb,0.6
353455__rodin_multi_N5_A-B-C-D-E_2025-08-17_v1_h9b62c6cd.glb,0.7
353455__trellis_multi_multidiffusion_N5_A-B-C-D-E_2025-08-17_v1_ha01b64e8.glb,0.75
353455__trellis_multi_stochastic_N5_A-B-C-D-E_2025-08-17_v1_hb13522f8.glb,0.45
353455__tripo3d_v2p5_multi_N4_A-B-C-D_2025-08-17_v1_hc29aad32.glb,0.4
353481__rodin_multi_N4_A-B-C-D_2025-08-17_v1_he7d37172.glb,0.75
353481__trellis_multi_multidiffusion_N4_A-B-C-D_2025-08-17_v1_h127f4911.glb,0.3
353481__trellis_multi_stochastic_N4_A-B-C-D_2025-08-17_v1_hcad77cba.glb,0.45
353481__tripo3d_v2p5_multi_N4_A-B-C-D_2025-08-17_v1_had9548a0.glb,0.35
353489__rodin_multi_N3_A-B-C_2025-08-17_v1_h10f792a6.glb,0.8
353489__trellis_multi_multidiffusion_N3_A-B-C_2025-08-17_v1_h20142ff6.glb,0.45
353489__trellis_multi_stochastic_N3_A-B-C_2025-08-17_v1_h9ef8683d.glb,0.5
353489__tripo3d_v2p5_multi_N3_A-B-C_2025-08-17_v1_ha967a257.glb,0.45
369578_curved-backrest_rodin_multi_N2_A-B_2025-08-17_v1_h25fd3e46.glb,0.825
369578_curved-backrest_trellis_multi_multidiffusion_N2_A-B_2025-08-17_v1_ha80449e7.glb,0.5
369578_curved-backrest_trellis_multi_stochastic_N2_A-B_2025-08-17_v1_hafed3e1c.glb,0.525
369578_curved-backrest_tripo3d_v2p5_multi_N2_A-B_2025-08-17_v1_h6c95905d.glb,0.65
369578__rodin_multi_N2_A-B_2025-08-17_v1_h4e5790a0.glb,0.65
369578__trellis_multi_multidiffusion_N2_A-B_2025-08-17_v1_ha1adfa5a.glb,0.8
369578__trellis_multi_stochastic_N2_A-B_2025-08-17_v1_h8395e7a2.glb,0.5
369578__tripo3d_v2p5_multi_N2_A-B_2025-08-17_v1_h8705869c.glb,0.6
389006__hunyuan3d_v2p1_single_N1_a_2025-08-17_v1_h2dba62b9.glb,0.45
389006__hunyuan3d_v2p1_single_N1_a_2025-08-17_v1_h8c7e6d14.glb,0.45
389006__hunyuan3d_v2_single_N1_a_2025-08-17_v1_h782aa645.glb,0.75
389006__hunyuan3d_v2_single_N1_a_2025-08-17_v1_hea949c0b.glb,0.7
389006__trellis_single_N1_a_2025-08-17_v1_h1d9e65ee.glb,0.35
389006__trellis_single_N1_a_2025-08-17_v1_hc1f509fd.glb,0.35
389006__tripo3d_v2p5_single_N1_a_2025-08-17_v1_h21a62075.glb,0.65
389006__tripo3d_v2p5_single_N1_a_2025-08-17_v1_h598d6c0d.glb,0.7
389006__triposr_single_N1_a_2025-08-17_v1_h0723b5e2.glb,0
389006__triposr_single_N1_a_2025-08-17_v1_h11b80575.glb,0
389007__rodin_multi_N2_A-B_2025-08-17_v1_h62959486.glb,0.7
389007__trellis_multi_multidiffusion_N2_A-B_2025-08-17_v1_hf2de889e.glb,0.825
389007__trellis_multi_stochastic_N2_A-B_2025-08-17_v1_h87d02ce9.glb,0.825
389007__tripo3d_v2p5_multi_N2_A-B_2025-08-17_v1_h89109d88.glb,0.9
389008__rodin_multi_N2_A-B_2025-08-17_v1_h4f8f1b02.glb,0.85
389008__trellis_multi_multidiffusion_N2_A-B_2025-08-17_v1_h0b8505c1.glb,0.85
389008__trellis_multi_stochastic_N2_A-B_2025-08-17_v1_he446e7a3.glb,0.825
389008__tripo3d_v2p5_multi_N2_A-B_2025-08-17_v1_h02ce046c.glb,0.85
389009__rodin_multi_N2_A-B_2025-08-17_v1_h3f089bba.glb,0.875
389009__trellis_multi_multidiffusion_N2_A-B_2025-08-17_v1_h2b39be4b.glb,0.85
389009__trellis_multi_stochastic_N2_A-B_2025-08-17_v1_h63c111ec.glb,0.8
389009__tripo3d_v2p5_multi_N2_A-B_2025-08-17_v1_hbf60dc48.glb,0.9
389010__rodin_multi_N2_A-B_2025-08-17_v1_hbcd05710.glb,0.8
389010__trellis_multi_multidiffusion_N2_A-B_2025-08-17_v1_h900ce29b.glb,0.85
389010__trellis_multi_stochastic_N2_A-B_2025-08-17_v1_hf137e457.glb,0.8
389010__tripo3d_v2p5_multi_N2_A-B_2025-08-17_v1_h515109ae.glb,0.95
389011__rodin_multi_N2_A-B_2025-08-17_v1_h8dbe12bf.glb,0.85
389011__trellis_multi_multidiffusion_N2_A-B_2025-08-17_v1_hf0cae75e.glb,0.55
389011__trellis_multi_stochastic_N2_A-B_2025-08-17_v1_h31a110c6.glb,0.45
389011__tripo3d_v2p5_multi_N2_A-B_2025-08-17_v1_hb9b8c935.glb,0.625
389012__hunyuan3d_v2p1_single_N1_a_2025-08-17_v1_h9e2018b7.glb,0.35
389012__hunyuan3d_v2p1_single_N1_a_2025-08-17_v1_hcd46ed33.glb,0.4
389012__hunyuan3d_v2_single_N1_a_2025-08-17_v1_h0f2758bb.glb,0.5
389012__hunyuan3d_v2_single_N1_a_2025-08-17_v1_ha9bce43d.glb,0.5
389012__trellis_single_N1_a_2025-08-17_v1_h2e3d0dfb.glb,0.6
389012__trellis_single_N1_a_2025-08-17_v1_ha2023b1c.glb,0.65
389012__tripo3d_v2p5_single_N1_a_2025-08-17_v1_h24c067bc.glb,0.8
389012__tripo3d_v2p5_single_N1_a_2025-08-17_v1_hefd9da9d.glb,0.85
389012__triposr_single_N1_a_2025-08-17_v1_h071514c7.glb,0.25
389012__triposr_single_N1_a_2025-08-17_v1_h9f424cc9.glb,0.25
389025__hunyuan3d_v2p1_single_N1_a_2025-08-17_v1_h452c3a84.glb,0.3
389025__hunyuan3d_v2p1_single_N1_a_2025-08-17_v1_ha25d0ea1.glb,0.35
389025__hunyuan3d_v2_single_N1_a_2025-08-17_v1_h2f2b5579.glb,0.9
389025__hunyuan3d_v2_single_N1_a_2025-08-17_v1_h98457325.glb,0.875
389025__trellis_single_N1_a_2025-08-17_v1_h3a6014f8.glb,0.35
389025__trellis_single_N1_a_2025-08-17_v1_h61d2c218.glb,0.35
389025__tripo3d_v2p5_single_N1_a_2025-08-17_v1_hd6711561.glb,0.75
389025__tripo3d_v2p5_single_N1_a_2025-08-17_v1_hd9af2de9.glb,0.75
389025__triposr_single_N1_a_2025-08-17_v1_h39f42d46.glb,0.25
389025__triposr_single_N1_a_2025-08-17_v1_hfd60b270.glb,0.25
389032_curved-backrest_rodin_multi_N3_a-b-c_2025-08-17_v1_hc5d84194.glb,0.65
389032_curved-backrest_trellis_multi_multidiffusion_N3_a-b-c_2025-08-17_v1_h36df8630.glb,0.45
389032_curved-backrest_trellis_multi_multidiffusion_N3_a-b-c_2025-08-17_v1_h95fa5edf.glb,0.5
389032_curved-backrest_trellis_multi_stochastic_N3_a-b-c_2025-08-17_v1_h1dc59953.glb,0.45
389032_curved-backrest_tripo3d_v2p5_multi_N3_a-b-c_2025-08-17_v1_h1fd7d676.glb,0.3
389032_curved-backrest_tripo3d_v2p5_multi_N3_a-b-c_2025-08-17_v1_h91537251.glb,0.4
389032_straight-backrest_hunyuan3d_v2p1_single_N1_a_2025-08-17_v1_h079d517f.glb,0.25
389032_straight-backrest_hunyuan3d_v2p1_single_N1_a_2025-08-17_v1_ha8151161.glb,0.25
389032_straight-backrest_hunyuan3d_v2_single_N1_a_2025-08-17_v1_h448b7ee0.glb,0.5
389032_straight-backrest_hunyuan3d_v2_single_N1_a_2025-08-17_v1_he545c71b.glb,0.5
389032_straight-backrest_trellis_single_N1_a_2025-08-17_v1_h167d5b41.glb,0.4
389032_straight-backrest_trellis_single_N1_a_2025-08-17_v1_h338752e6.glb,0.35
389032_straight-backrest_tripo3d_v2p5_single_N1_a_2025-08-17_v1_h2582e276.glb,0.55
389032_straight-backrest_tripo3d_v2p5_single_N1_a_2025-08-17_v1_hc29c3db0.glb,0.6
389032_straight-backrest_triposr_single_N1_a_2025-08-17_v1_h6dbb2038.glb,0.5
389032_straight-backrest_triposr_single_N1_a_2025-08-17_v1_h9535a01f.glb,0.5
389033_curved-backrest_rodin_multi_N2_A-B_2025-08-17_v1_h46608d96.glb,0.55
389033_curved-backrest_trellis_multi_multidiffusion_N2_A-B_2025-08-17_v1_hd3761562.glb,0.45
389033_curved-backrest_trellis_multi_stochastic_N2_A-B_2025-08-17_v1_h06561a74.glb,0.4
389033_curved-backrest_tripo3d_v2p5_multi_N2_A-B_2025-08-17_v1_ha2979633.glb,0.45
389033_straight-backrest_rodin_multi_N2_A-B_2025-08-17_v1_hbd8ddf23.glb,0.45
389033_straight-backrest_trellis_multi_multidiffusion_N2_A-B_2025-08-17_v1_hde332427.glb,0.35
389033_straight-backrest_trellis_multi_stochastic_N2_A-B_2025-08-17_v1_h76681263.glb,0.3
389033_straight-backrest_tripo3d_v2p5_multi_N2_A-B_2025-08-17_v1_hd75fa81a.glb,0.45
389138__hunyuan3d_v2p1_single_N1_a_2025-08-17_v1_h08427454.glb,0.85
389138__hunyuan3d_v2p1_single_N1_a_2025-08-17_v1_h81163b10.glb,0.8
389138__hunyuan3d_v2_single_N1_a_2025-08-17_v1_h2280f3f1.glb,0.85
389138__hunyuan3d_v2_single_N1_a_2025-08-17_v1_h9dfdfca7.glb,0.875
389138__trellis_single_N1_a_2025-08-17_v1_h1ee4b1b5.glb,0.5
389138__trellis_single_N1_a_2025-08-17_v1_h2ee5a9a6.glb,0.5
389138__tripo3d_v2p5_single_N1_a_2025-08-17_v1_h8571857f.glb,0.825
389138__tripo3d_v2p5_single_N1_a_2025-08-17_v1_h90a024c1.glb,0.8
389138__triposr_single_N1_a_2025-08-17_v1_h96e936cd.glb,0.3
389138__triposr_single_N1_a_2025-08-17_v1_hf25a30ed.glb,0.3
389141_65-cm_rodin_multi_N2_A-B_2025-08-17_v1_h32ca13bc.glb,0.525
389141_65-cm_trellis_multi_multidiffusion_N2_A-B_2025-08-17_v1_h6e931217.glb,0.5
389141_65-cm_trellis_multi_stochastic_N2_A-B_2025-08-17_v1_h529081d0.glb,0.5
389141_65-cm_tripo3d_v2p5_multi_N2_A-B_2025-08-17_v1_hd11c7a51.glb,0.65
389141_75-cm_rodin_multi_N2_A-B_2025-08-17_v1_h0ded5a56.glb,0.7
389141_75-cm_trellis_multi_multidiffusion_N2_A-B_2025-08-17_v1_h2884ed04.glb,0.3
389141_75-cm_trellis_multi_stochastic_N2_A-B_2025-08-17_v1_h7f744605.glb,0.3
389141_75-cm_tripo3d_v2p5_multi_N2_A-B_2025-08-17_v1_h14c882ac.glb,0.6
389142__rodin_multi_N3_A-B-C_2025-08-17_v1_hd3d52408.glb,0.75
389142__trellis_multi_multidiffusion_N3_A-B-C_2025-08-17_v1_h9a644da0.glb,0.8
389142__trellis_multi_stochastic_N3_A-B-C_2025-08-17_v1_ha300aee8.glb,0.8
389142__tripo3d_v2p5_multi_N3_A-B-C_2025-08-17_v1_hfcd8fa86.glb,0.7
417762__rodin_multi_N2_a-b_2025-08-17_v1_h22e9ca0c.glb,0.7
417762__rodin_multi_N2_a-b_2025-08-17_v1_he5f04de5.glb,0.55
417762__trellis_multi_multidiffusion_N2_a-b_2025-08-17_v1_hc2196fac.glb,0.45
417762__trellis_multi_multidiffusion_N2_a-b_2025-08-17_v1_heb3b5f5a.glb,0.5
417762__trellis_multi_stochastic_N2_a-b_2025-08-17_v1_hce5bcc10.glb,0.35
417762__tripo3d_v2p5_multi_N2_a-b_2025-08-17_v1_hb42e0d68.glb,0.4
417762__tripo3d_v2p5_multi_N2_a-b_2025-08-17_v1_hf9dc6f5b.glb,0.4
417763__rodin_multi_N2_A-B_2025-08-17_v1_h5ff427ac.glb,0.75
417763__trellis_multi_multidiffusion_N2_A-B_2025-08-17_v1_hc51dc90b.glb,0.3
417763__trellis_multi_stochastic_N2_A-B_2025-08-17_v1_h20903261.glb,0.3
417763__tripo3d_v2p5_multi_N2_A-B_2025-08-17_v1_h78341a14.glb,0.7
417765__rodin_multi_N2_A-B_2025-08-17_v1_ha512c944.glb,0.7
417765__trellis_multi_multidiffusion_N2_A-B_2025-08-17_v1_h17bc74cc.glb,0.35
417765__trellis_multi_stochastic_N2_A-B_2025-08-17_v1_h877ed560.glb,0.35
417765__tripo3d_v2p5_multi_N2_A-B_2025-08-17_v1_h92c18802.glb,0.9
418191__rodin_multi_N4_A-B-C-D_2025-08-17_v1_h7debd2df.glb,0.65
418191__trellis_multi_multidiffusion_N4_A-B-C-D_2025-08-17_v1_hb8294105.glb,0.35
418191__trellis_multi_stochastic_N4_A-B-C-D_2025-08-17_v1_he647ea06.glb,0.3
418191__tripo3d_v2p5_multi_N4_A-B-C-D_2025-08-17_v1_h63c6b9e3.glb,0.3
450006__hunyuan3d_v2p1_single_N1_a_2025-08-17_v1_h47b81917.glb,0.15
450006__hunyuan3d_v2p1_single_N1_a_2025-08-17_v1_hccf5f492.glb,0.15
450006__hunyuan3d_v2_single_N1_a_2025-08-17_v1_h45e12bcc.glb,0.7
450006__hunyuan3d_v2_single_N1_a_2025-08-17_v1_h9d8dd910.glb,0.7
450006__trellis_single_N1_a_2025-08-17_v1_h97205e99.glb,0.5
450006__trellis_single_N1_a_2025-08-17_v1_hfd4c67f2.glb,0.5
450006__tripo3d_v2p5_single_N1_a_2025-08-17_v1_h5f8c186c.glb,0.625
450006__tripo3d_v2p5_single_N1_a_2025-08-17_v1_hf1adc7a9.glb,0.575
450006__triposr_single_N1_a_2025-08-17_v1_h7a45537d.glb,0.25
450006__triposr_single_N1_a_2025-08-17_v1_h82b16d75.glb,0.25
450007__rodin_multi_N2_A-B_2025-08-17_v1_hcf738c50.glb,0.55
450007__trellis_multi_multidiffusion_N2_A-B_2025-08-17_v1_hc9027235.glb,0.3
450007__trellis_multi_stochastic_N2_A-B_2025-08-17_v1_hca9210e6.glb,0.4
450007__tripo3d_v2p5_multi_N2_A-B_2025-08-17_v1_h3695405a.glb,0.5
450008__rodin_multi_N2_A-B_2025-08-17_v1_hecd9b63f.glb,0.45
450008__trellis_multi_multidiffusion_N2_A-B_2025-08-17_v1_h3f3d7cc8.glb,0.45
450008__trellis_multi_stochastic_N2_A-B_2025-08-17_v1_h4aa26879.glb,0.4
450008__tripo3d_v2p5_multi_N2_A-B_2025-08-17_v1_hdebca55b.glb,0.35
450010__rodin_multi_N2_A-B_2025-08-17_v1_he107f71e.glb,0.55
450010__trellis_multi_multidiffusion_N2_A-B_2025-08-17_v1_h79f89a9e.glb,0.4
450010__trellis_multi_stochastic_N2_A-B_2025-08-17_v1_hd36dc12f.glb,0.4
450010__tripo3d_v2p5_multi_N2_A-B_2025-08-17_v1_hde2e9107.glb,0.5
450011__hunyuan3d_v2p1_single_N1_a_2025-08-17_v1_h24d03f2c.glb,0.25
450011__hunyuan3d_v2p1_single_N1_a_2025-08-17_v1_hfcac75e6.glb,0.25
450011__hunyuan3d_v2_single_N1_a_2025-08-17_v1_h215063d5.glb,0.45
450011__hunyuan3d_v2_single_N1_a_2025-08-17_v1_hb5f59bdf.glb,0.55
450011__trellis_single_N1_a_2025-08-17_v1_h60ca36bf.glb,0.45
450011__trellis_single_N1_a_2025-08-17_v1_hd0d8b7ad.glb,0.4
450011__tripo3d_v2p5_single_N1_a_2025-08-17_v1_hb63dda02.glb,0.45
450011__tripo3d_v2p5_single_N1_a_2025-08-17_v1_hf31ab9e5.glb,0.45
450011__triposr_single_N1_a_2025-08-17_v1_h15964d84.glb,0.3
450011__triposr_single_N1_a_2025-08-17_v1_h7a4ae789.glb,0.3
450012__hunyuan3d_v2p1_single_N1_a_2025-08-17_v1_h4ddcfc97.glb,0.15
450012__hunyuan3d_v2p1_single_N1_a_2025-08-17_v1_hf5cd13d6.glb,0.15
450012__hunyuan3d_v2_single_N1_a_2025-08-17_v1_h0b8347b0.glb,0.45
450012__hunyuan3d_v2_single_N1_a_2025-08-17_v1_ha3d13f2a.glb,0.5
450012__trellis_single_N1_a_2025-08-17_v1_h2d30e859.glb,0.5
450012__trellis_single_N1_a_2025-08-17_v1_hd7f4d6da.glb,0.5
450012__tripo3d_v2p5_single_N1_a_2025-08-17_v1_h67a254c4.glb,0.6
450012__tripo3d_v2p5_single_N1_a_2025-08-17_v1_haa35f26c.glb,0.5
450012__triposr_single_N1_a_2025-08-17_v1_h2af396d9.glb,0.35
450012__triposr_single_N1_a_2025-08-17_v1_h73289f85.glb,0.4
450013__hunyuan3d_v2p1_single_N1_a_2025-08-17_v1_h402d6321.glb,0.65
450013__hunyuan3d_v2p1_single_N1_a_2025-08-17_v1_h809eeb20.glb,0.7
450013__hunyuan3d_v2_single_N1_a_2025-08-17_v1_h00b04454.glb,0.5
450013__hunyuan3d_v2_single_N1_a_2025-08-17_v1_h0341ee57.glb,0.5
450013__trellis_single_N1_a_2025-08-17_v1_h3b00d1dc.glb,0.45
450013__trellis_single_N1_a_2025-08-17_v1_h43b1e4c8.glb,0.45
450013__tripo3d_v2p5_single_N1_a_2025-08-17_v1_h137d8787.glb,0.575
450013__tripo3d_v2p5_single_N1_a_2025-08-17_v1_hf7d93558.glb,0.65
450013__triposr_single_N1_a_2025-08-17_v1_h57a64f7c.glb,0.3
450013__triposr_single_N1_a_2025-08-17_v1_h828b2aba.glb,0.3
450038_65-cm_hunyuan3d_v2p1_single_N1_a_2025-08-17_v1_h29f39f60.glb,0.4
450038_65-cm_hunyuan3d_v2p1_single_N1_a_2025-08-17_v1_h94680288.glb,0.4
450038_65-cm_hunyuan3d_v2_single_N1_a_2025-08-17_v1_h06a4a9ba.glb,0.55
450038_65-cm_hunyuan3d_v2_single_N1_a_2025-08-17_v1_h6303b0f3.glb,0.5
450038_65-cm_trellis_single_N1_a_2025-08-17_v1_h1b829225.glb,0.35
450038_65-cm_trellis_single_N1_a_2025-08-17_v1_he35a84cc.glb,0.4
450038_65-cm_tripo3d_v2p5_single_N1_a_2025-08-17_v1_h42e36dab.glb,0.725
450038_65-cm_tripo3d_v2p5_single_N1_a_2025-08-17_v1_hd128a899.glb,0.75
450038_65-cm_triposr_single_N1_a_2025-08-17_v1_h2edebef0.glb,0.3
450038_65-cm_triposr_single_N1_a_2025-08-17_v1_h7a1091dc.glb,0.35
450038_75-cm_hunyuan3d_v2p1_single_N1_a_2025-08-17_v1_ha6f227a1.glb,0.4
450038_75-cm_hunyuan3d_v2p1_single_N1_a_2025-08-17_v1_hff3510c6.glb,0.4
450038_75-cm_hunyuan3d_v2_single_N1_a_2025-08-17_v1_h3f2c7222.glb,0.7
450038_75-cm_hunyuan3d_v2_single_N1_a_2025-08-17_v1_hd93c7472.glb,0.75
450038_75-cm_trellis_single_N1_a_2025-08-17_v1_h543e2821.glb,0.3
450038_75-cm_trellis_single_N1_a_2025-08-17_v1_h664cb2bd.glb,0.35
450038_75-cm_tripo3d_v2p5_single_N1_a_2025-08-17_v1_h1f13f139.glb,0.75
450038_75-cm_tripo3d_v2p5_single_N1_a_2025-08-17_v1_h2d93c4b4.glb,0.75
450038_75-cm_triposr_single_N1_a_2025-08-17_v1_h660e22bb.glb,0.25
450038_75-cm_triposr_single_N1_a_2025-08-17_v1_h806c4e9b.glb,0.25
450039_65-cm_hunyuan3d_v2p1_single_N1_a_2025-08-17_v1_h7a3b8e16.glb,0.7
450039_65-cm_hunyuan3d_v2p1_single_N1_a_2025-08-17_v1_he58b5e39.glb,0.7
450039_65-cm_hunyuan3d_v2_single_N1_a_2025-08-17_v1_h8ae6f8ba.glb,0.7
450039_65-cm_hunyuan3d_v2_single_N1_a_2025-08-17_v1_hafe884ec.glb,0.7
450039_65-cm_trellis_single_N1_a_2025-08-17_v1_h5b6075b6.glb,0.55
450039_65-cm_trellis_single_N1_a_2025-08-17_v1_hdfff196e.glb,0.55
450039_65-cm_tripo3d_v2p5_single_N1_a_2025-08-17_v1_h4e062043.glb,0.725
450039_65-cm_tripo3d_v2p5_single_N1_a_2025-08-17_v1_hbdb10aae.glb,0.7
450039_65-cm_triposr_single_N1_a_2025-08-17_v1_h9f971472.glb,0.3
450039_65-cm_triposr_single_N1_a_2025-08-17_v1_hfe477dab.glb,0.3
450039_75-cm_hunyuan3d_v2p1_single_N1_a_2025-08-17_v1_h75c09c93.glb,0.5
450039_75-cm_hunyuan3d_v2p1_single_N1_a_2025-08-17_v1_h87d3c890.glb,0.5
450039_75-cm_hunyuan3d_v2_single_N1_a_2025-08-17_v1_h0767c4d2.glb,0.65
450039_75-cm_hunyuan3d_v2_single_N1_a_2025-08-17_v1_h250a3dd4.glb,0.65
450039_75-cm_trellis_single_N1_a_2025-08-17_v1_h1f0dd8e2.glb,0.4
450039_75-cm_trellis_single_N1_a_2025-08-17_v1_hbb9696d2.glb,0.35
450039_75-cm_tripo3d_v2p5_single_N1_a_2025-08-17_v1_h7f28855c.glb,0.75
450039_75-cm_tripo3d_v2p5_single_N1_a_2025-08-17_v1_hd34505f3.glb,0.8
450039_75-cm_triposr_single_N1_a_2025-08-17_v1_h3489346f.glb,0.3
450039_75-cm_triposr_single_N1_a_2025-08-17_v1_h3c5e997d.glb,0.3
450040_65-cm_rodin_multi_N2_A-B_2025-08-17_v1_h59d8d903.glb,0.7
450040_65-cm_trellis_multi_multidiffusion_N2_A-B_2025-08-17_v1_hdca101d8.glb,0.45
450040_65-cm_trellis_multi_stochastic_N2_A-B_2025-08-17_v1_hd35db19e.glb,0.45
450040_65-cm_tripo3d_v2p5_multi_N2_A-B_2025-08-17_v1_h2e6b88d2.glb,0.9
450040_75-cm_rodin_multi_N2_A-B_2025-08-17_v1_hb5e4ceb6.glb,0.5
450040_75-cm_trellis_multi_multidiffusion_N2_A-B_2025-08-17_v1_h5f2ac6e2.glb,0.45
450040_75-cm_trellis_multi_stochastic_N2_A-B_2025-08-17_v1_h26beba89.glb,0.3
450040_75-cm_tripo3d_v2p5_multi_N2_A-B_2025-08-17_v1_h2212c165.glb,0.45
451898_75-cm_hunyuan3d_v2p1_single_N1_a_2025-08-17_v1_h06883e07.glb,0.8
451898_75-cm_hunyuan3d_v2p1_single_N1_a_2025-08-17_v1_h3f4017c5.glb,0.8
451898_75-cm_hunyuan3d_v2_single_N1_a_2025-08-17_v1_h4434e2ac.glb,0.7
451898_75-cm_hunyuan3d_v2_single_N1_a_2025-08-17_v1_h902502cd.glb,0.7
451898_75-cm_trellis_single_N1_a_2025-08-17_v1_hd3c979c3.glb,0.5
451898_75-cm_trellis_single_N1_a_2025-08-17_v1_hfb378fe3.glb,0.55
451898_75-cm_tripo3d_v2p5_single_N1_a_2025-08-17_v1_h072b0693.glb,0.75
451898_75-cm_tripo3d_v2p5_single_N1_a_2025-08-17_v1_h6a89fa7c.glb,0.65
451898_75-cm_triposr_single_N1_a_2025-08-17_v1_h24084e99.glb,0.35
451898_75-cm_triposr_single_N1_a_2025-08-17_v1_he4d06a9f.glb,0.3
533186__hunyuan3d_v2p1_single_N1_a_2025-08-17_v1_h01a879b0.glb,0.4
533186__hunyuan3d_v2p1_single_N1_a_2025-08-17_v1_h97df28da.glb,0.4
533186__hunyuan3d_v2_single_N1_a_2025-08-17_v1_h3d37a4e3.glb,0.25
533186__hunyuan3d_v2_single_N1_a_2025-08-17_v1_h5a0c8b6b.glb,0.2
533186__trellis_single_N1_a_2025-08-17_v1_h470a8e2d.glb,0.3
533186__trellis_single_N1_a_2025-08-17_v1_hce29931a.glb,0.3
533186__tripo3d_v2p5_single_N1_a_2025-08-17_v1_h0064bf5d.glb,0.35
533186__tripo3d_v2p5_single_N1_a_2025-08-17_v1_h424a3f56.glb,0.575
533186__triposr_single_N1_a_2025-08-17_v1_h0429c015.glb,0.225
533186__triposr_single_N1_a_2025-08-17_v1_h111b8efd.glb,0.225
533204_65-cm_hunyuan3d_v2p1_single_N1_a_2025-08-17_v1_h51445db6.glb,0.55
533204_65-cm_hunyuan3d_v2p1_single_N1_a_2025-08-17_v1_h9c10a840.glb,0.55
533204_65-cm_hunyuan3d_v2_single_N1_a_2025-08-17_v1_h0aec56b4.glb,0.4
533204_65-cm_hunyuan3d_v2_single_N1_a_2025-08-17_v1_h7d5f5e5d.glb,0.35
533204_65-cm_trellis_single_N1_a_2025-08-17_v1_h457f5a30.glb,0.4
533204_65-cm_trellis_single_N1_a_2025-08-17_v1_h7d324787.glb,0.35
533204_65-cm_tripo3d_v2p5_single_N1_a_2025-08-17_v1_h34ac0bac.glb,0.55
533204_65-cm_tripo3d_v2p5_single_N1_a_2025-08-17_v1_h9b15cbf7.glb,0.5
533204_65-cm_triposr_single_N1_a_2025-08-17_v1_h44df493f.glb,0.3
533204_65-cm_triposr_single_N1_a_2025-08-17_v1_h82234da6.glb,0.3
533204_75-cm_rodin_multi_N2_a-b_2025-08-17_v1_h3253b316.glb,0.45
533204_75-cm_rodin_multi_N2_a-b_2025-08-17_v1_h329706cd.glb,0.45
533204_75-cm_trellis_multi_multidiffusion_N2_a-b_2025-08-17_v1_hcf292e6f.glb,0.3
533204_75-cm_trellis_multi_multidiffusion_N2_a-b_2025-08-17_v1_hec7bcdec.glb,0.3
533204_75-cm_trellis_multi_stochastic_N2_a-b_2025-08-17_v1_h8e09205a.glb,0.3
533204_75-cm_tripo3d_v2p5_multi_N2_a-b_2025-08-17_v1_h52c553c9.glb,0.25
533204_75-cm_tripo3d_v2p5_multi_N2_a-b_2025-08-17_v1_h9231aca4.glb,0.45
533234_65-cm_rodin_multi_N2_A-B_2025-08-17_v1_h1899549e.glb,0.475
533234_65-cm_trellis_multi_multidiffusion_N2_A-B_2025-08-17_v1_hccb8db1c.glb,0.45
533234_65-cm_trellis_multi_stochastic_N2_A-B_2025-08-17_v1_h57231ef4.glb,0.25
533234_65-cm_tripo3d_v2p5_multi_N2_A-B_2025-08-17_v1_he5b06fb4.glb,0.45
533234_75-cm_rodin_multi_N2_A-B_2025-08-17_v1_h046c4cb6.glb,0.45
533234_75-cm_trellis_multi_multidiffusion_N2_A-B_2025-08-17_v1_ha16611c2.glb,0.4
533234_75-cm_trellis_multi_stochastic_N2_A-B_2025-08-17_v1_h94f71d4e.glb,0.4
533234_75-cm_tripo3d_v2p5_multi_N2_A-B_2025-08-17_v1_h7b1cddbb.glb,0.525
547361__hunyuan3d_v2p1_single_N1_a_2025-08-17_v1_h407c1ab0.glb,0.35
547361__hunyuan3d_v2p1_single_N1_a_2025-08-17_v1_he83fb0c3.glb,0.35
547361__hunyuan3d_v2_single_N1_a_2025-08-17_v1_h1a20bf5e.glb,0.5
547361__hunyuan3d_v2_single_N1_a_2025-08-17_v1_haadd7ca2.glb,0.5
547361__trellis_single_N1_a_2025-08-17_v1_hb48ea59c.glb,0.525
547361__trellis_single_N1_a_2025-08-17_v1_hbf6336fd.glb,0.35
547361__tripo3d_v2p5_single_N1_a_2025-08-17_v1_h29e5a3bb.glb,0.4
547361__tripo3d_v2p5_single_N1_a_2025-08-17_v1_h4dc9b2c5.glb,0.4
547361__triposr_single_N1_a_2025-08-17_v1_h4f1fecfe.glb,0.25
547361__triposr_single_N1_a_2025-08-17_v1_h823fc92d.glb,0.25
547362__hunyuan3d_v2p1_single_N1_a_2025-08-17_v1_h79fb4e98.glb,0.4
547362__hunyuan3d_v2p1_single_N1_a_2025-08-17_v1_hf78fdfc3.glb,0.4
547362__hunyuan3d_v2_single_N1_a_2025-08-17_v1_h87827560.glb,0.45
547362__hunyuan3d_v2_single_N1_a_2025-08-17_v1_hf2e9c689.glb,0.475
547362__trellis_single_N1_a_2025-08-17_v1_h54b0f1bb.glb,0.45
547362__trellis_single_N1_a_2025-08-17_v1_hfc9f3038.glb,0.35
547362__tripo3d_v2p5_single_N1_a_2025-08-17_v1_h56483acc.glb,0.55
547362__tripo3d_v2p5_single_N1_a_2025-08-17_v1_hd0a86103.glb,0.6
547362__triposr_single_N1_a_2025-08-17_v1_h5be20812.glb,0.25
547362__triposr_single_N1_a_2025-08-17_v1_heb6c93aa.glb,0.25
558736__hunyuan3d_v2p1_single_N1_a_2025-08-17_v1_h56682002.glb,0.75
558736__hunyuan3d_v2p1_single_N1_a_2025-08-17_v1_h72a339b0.glb,0.75
558736__hunyuan3d_v2_single_N1_a_2025-08-17_v1_h3e6865b1.glb,0.75
558736__hunyuan3d_v2_single_N1_a_2025-08-17_v1_h45420771.glb,0.725
558736__trellis_single_N1_a_2025-08-17_v1_h14a53b17.glb,0.5
558736__trellis_single_N1_a_2025-08-17_v1_h981bd066.glb,0.5
558736__tripo3d_v2p5_single_N1_a_2025-08-17_v1_h28de01bc.glb,0.575
558736__tripo3d_v2p5_single_N1_a_2025-08-17_v1_h83049456.glb,0.625
558736__triposr_single_N1_a_2025-08-17_v1_h35f55545.glb,0.3
558736__triposr_single_N1_a_2025-08-17_v1_hd71d2262.glb,0.35
558766__rodin_multi_N2_A-B_2025-08-17_v1_h656c9629.glb,0.6
558766__trellis_multi_multidiffusion_N2_A-B_2025-08-17_v1_h9ffccc4b.glb,0.3
558766__trellis_multi_stochastic_N2_A-B_2025-08-17_v1_h8462e40c.glb,0.3
558766__tripo3d_v2p5_multi_N2_A-B_2025-08-17_v1_hfd2d6ce1.glb,0.3
57769__rodin_multi_N2_A-B_2025-08-17_v1_h177d0a04.glb,0.7
57769__trellis_multi_multidiffusion_N2_A-B_2025-08-17_v1_h20691843.glb,0.45
57769__trellis_multi_stochastic_N2_A-B_2025-08-17_v1_h865662f8.glb,0.425
57769__tripo3d_v2p5_multi_N2_A-B_2025-08-17_v1_h70535401.glb,0.35
590649__hunyuan3d_v2p1_single_N1_a_2025-08-17_v1_hea184b50.glb,0.4
590649__hunyuan3d_v2p1_single_N1_a_2025-08-17_v1_hf2df8ce9.glb,0.4
590649__hunyuan3d_v2_single_N1_a_2025-08-17_v1_h870711c2.glb,0.45
590649__hunyuan3d_v2_single_N1_a_2025-08-17_v1_hdce84963.glb,0.45
590649__trellis_single_N1_a_2025-08-17_v1_hc8902920.glb,0.35
590649__trellis_single_N1_a_2025-08-17_v1_hf15db6d0.glb,0.35
590649__tripo3d_v2p5_single_N1_a_2025-08-17_v1_h9a50f615.glb,0.6
590649__tripo3d_v2p5_single_N1_a_2025-08-17_v1_hcd7b0237.glb,0.7
590649__triposr_single_N1_a_2025-08-17_v1_h30346d72.glb,0.3
590649__triposr_single_N1_a_2025-08-17_v1_h4a1c9eb9.glb,0.3
596184__rodin_multi_N3_A-B-C_2025-08-17_v1_h73a36294.glb,0.6
596184__trellis_multi_multidiffusion_N3_A-B-C_2025-08-17_v1_hd6f83947.glb,0.5
596184__trellis_multi_stochastic_N3_A-B-C_2025-08-17_v1_hfccbf329.glb,0.525
596184__tripo3d_v2p5_multi_N3_A-B-C_2025-08-17_v1_h85e0cf8b.glb,0.725
596186__rodin_multi_N2_A-B_2025-08-17_v1_h209809c4.glb,0.6
596186__trellis_multi_multidiffusion_N2_A-B_2025-08-17_v1_hc701655d.glb,0.525
596186__trellis_multi_stochastic_N2_A-B_2025-08-17_v1_h773eb7d2.glb,0.5
596186__tripo3d_v2p5_multi_N2_A-B_2025-08-17_v1_h7ba6c3b5.glb,0.875
596192__hunyuan3d_v2p1_single_N1_a_2025-08-17_v1_h20f7bb05.glb,0.4
596192__hunyuan3d_v2p1_single_N1_a_2025-08-17_v1_h24bf668b.glb,0.35
596192__hunyuan3d_v2_single_N1_a_2025-08-17_v1_h1bb29d43.glb,0.6
596192__hunyuan3d_v2_single_N1_a_2025-08-17_v1_h29f7673a.glb,0.55
596192__trellis_single_N1_a_2025-08-17_v1_h072c1ee6.glb,0.35
596192__trellis_single_N1_a_2025-08-17_v1_h560bcde6.glb,0.55
596192__tripo3d_v2p5_single_N1_a_2025-08-17_v1_ha7c79473.glb,0.875
596192__tripo3d_v2p5_single_N1_a_2025-08-17_v1_hb8b017e8.glb,0.85
596192__triposr_single_N1_a_2025-08-17_v1_h218b150f.glb,0.35
596192__triposr_single_N1_a_2025-08-17_v1_hc9412b9b.glb,0.3
596194__hunyuan3d_v2p1_single_N1_a_2025-08-17_v1_ha56ce4f1.glb,0.8
596194__hunyuan3d_v2p1_single_N1_a_2025-08-17_v1_hd2f2fc8c.glb,0.75
596194__hunyuan3d_v2_single_N1_a_2025-08-17_v1_h5263c537.glb,0.6
596194__hunyuan3d_v2_single_N1_a_2025-08-17_v1_h86eeff06.glb,0.55
596194__trellis_single_N1_a_2025-08-17_v1_h4d5b2361.glb,0.525
596194__trellis_single_N1_a_2025-08-17_v1_hfee0856d.glb,0.4
596194__tripo3d_v2p5_single_N1_a_2025-08-17_v1_h0dbc8734.glb,0.65
596194__tripo3d_v2p5_single_N1_a_2025-08-17_v1_h9d63aff1.glb,0.7
596194__triposr_single_N1_a_2025-08-17_v1_h390d9941.glb,0.3
596194__triposr_single_N1_a_2025-08-17_v1_h75a8af8e.glb,0.3
596195__hunyuan3d_v2p1_single_N1_a_2025-08-17_v1_h6b074e08.glb,0.725
596195__hunyuan3d_v2p1_single_N1_a_2025-08-17_v1_hc2145848.glb,0.725
596195__hunyuan3d_v2_single_N1_a_2025-08-17_v1_hd1b68eaa.glb,0.5
596195__hunyuan3d_v2_single_N1_a_2025-08-17_v1_hddf31922.glb,0.55
596195__trellis_single_N1_a_2025-08-17_v1_h405891ed.glb,0.4
596195__trellis_single_N1_a_2025-08-17_v1_h90ba6aca.glb,0.35
596195__tripo3d_v2p5_single_N1_a_2025-08-17_v1_h0ba5df0c.glb,0.7
596195__tripo3d_v2p5_single_N1_a_2025-08-17_v1_ha52dad9c.glb,0.65
596195__triposr_single_N1_a_2025-08-17_v1_h651c1693.glb,0.25
596195__triposr_single_N1_a_2025-08-17_v1_hd487f9c4.glb,0.25
596196__hunyuan3d_v2p1_single_N1_a_2025-08-17_v1_h27c42956.glb,0.45
596196__hunyuan3d_v2p1_single_N1_a_2025-08-17_v1_h40e64dda.glb,0.45
596196__hunyuan3d_v2_single_N1_a_2025-08-17_v1_h9e158506.glb,0.65
596196__hunyuan3d_v2_single_N1_a_2025-08-17_v1_ha1dc3dd8.glb,0.55
596196__trellis_single_N1_a_2025-08-17_v1_h00f6a3bc.glb,0.5
596196__trellis_single_N1_a_2025-08-17_v1_ha48c71d0.glb,0.5
596196__tripo3d_v2p5_single_N1_a_2025-08-17_v1_h2f368a43.glb,0.8
596196__tripo3d_v2p5_single_N1_a_2025-08-17_v1_hfbaaf6b1.glb,0.6
596196__triposr_single_N1_a_2025-08-17_v1_h2f4ad4e4.glb,0.3
596196__triposr_single_N1_a_2025-08-17_v1_h3af8a98c.glb,0.3
599335__hunyuan3d_v2p1_single_N1_a_2025-08-17_v1_h66da3cb3.glb,0.65
599335__hunyuan3d_v2p1_single_N1_a_2025-08-17_v1_hfc55eba4.glb,0.65
599335__hunyuan3d_v2_single_N1_a_2025-08-17_v1_h33853f0d.glb,0.55
599335__hunyuan3d_v2_single_N1_a_2025-08-17_v1_hb0a6bcd5.glb,0.55
599335__trellis_single_N1_a_2025-08-17_v1_h42031829.glb,0.5
599335__trellis_single_N1_a_2025-08-17_v1_hf8daee51.glb,0.45
599335__tripo3d_v2p5_single_N1_a_2025-08-17_v1_h93edba0f.glb,0.6
599335__tripo3d_v2p5_single_N1_a_2025-08-17_v1_h9e23601b.glb,0.5
599335__triposr_single_N1_a_2025-08-17_v1_h1dd7544f.glb,0.3
599335__triposr_single_N1_a_2025-08-17_v1_h474439a6.glb,0.3
599336__rodin_multi_N2_A-B_2025-08-17_v1_hfc824890.glb,0.9
599336__trellis_multi_multidiffusion_N2_A-B_2025-08-17_v1_hb68cd265.glb,0.825
599336__trellis_multi_stochastic_N2_A-B_2025-08-17_v1_hb9c4b3cb.glb,0.85
599336__tripo3d_v2p5_multi_N2_A-B_2025-08-17_v1_h7814f061.glb,0.45
599337__rodin_multi_N3_A-B-C_2025-08-17_v1_hb09ff012.glb,0.55
599337__trellis_multi_multidiffusion_N3_A-B-C_2025-08-17_v1_h5a2b2549.glb,0.45
599337__trellis_multi_stochastic_N3_A-B-C_2025-08-17_v1_h8ec4638d.glb,0.45
599337__tripo3d_v2p5_multi_N3_A-B-C_2025-08-17_v1_h3fa9241c.glb,0.3
599338__rodin_multi_N3_A-B-C_2025-08-17_v1_h7a5804af.glb,0.6
599338__trellis_multi_multidiffusion_N3_A-B-C_2025-08-17_v1_h6662ee5b.glb,0.45
599338__trellis_multi_stochastic_N3_A-B-C_2025-08-17_v1_h4dc3bddd.glb,0.65
599338__tripo3d_v2p5_multi_N3_A-B-C_2025-08-17_v1_h02db30d8.glb,0.5
599339__rodin_multi_N3_A-B-C_2025-08-17_v1_h0bc7e6b8.glb,0.725
599339__trellis_multi_multidiffusion_N3_A-B-C_2025-08-17_v1_hac223486.glb,0.6
599339__trellis_multi_stochastic_N3_A-B-C_2025-08-17_v1_h35506801.glb,0.55
599339__tripo3d_v2p5_multi_N3_A-B-C_2025-08-17_v1_h84e50e8e.glb,0.4
619220__rodin_multi_N3_A-B-C_2025-08-17_v1_h18bc2f71.glb,0.65
619220__trellis_multi_multidiffusion_N3_A-B-C_2025-08-17_v1_h06e4f683.glb,0.3
619220__trellis_multi_stochastic_N3_A-B-C_2025-08-17_v1_hc4016380.glb,0.5
619220__tripo3d_v2p5_multi_N3_A-B-C_2025-08-17_v1_he5a741f3.glb,0.55
619221__rodin_multi_N3_A-B-C_2025-08-17_v1_h7161a914.glb,0.65
619221__trellis_multi_multidiffusion_N3_A-B-C_2025-08-17_v1_hdaac04c9.glb,0.5
619221__trellis_multi_stochastic_N3_A-B-C_2025-08-17_v1_hf016dff4.glb,0.5
619221__tripo3d_v2p5_multi_N3_A-B-C_2025-08-17_v1_h4826aeb9.glb,0.45
639616__rodin_multi_N2_A-B_2025-08-17_v1_hde8db653.glb,0.55
639616__trellis_multi_multidiffusion_N2_A-B_2025-08-17_v1_hd7ddd91c.glb,0.95
639616__trellis_multi_stochastic_N2_A-B_2025-08-17_v1_h8fc674c0.glb,0.95
639616__tripo3d_v2p5_multi_N2_A-B_2025-08-17_v1_ha8471b22.glb,0.95
639619_left-module_rodin_multi_N4_A-B-C-D_2025-08-17_v1_hb0eccf92.glb,0.4
639619_left-module_trellis_multi_multidiffusion_N4_A-B-C-D_2025-08-17_v1_hf4336005.glb,0.6
639619_left-module_trellis_multi_stochastic_N4_A-B-C-D_2025-08-17_v1_hf6bbf7ba.glb,0.5
639619_left-module_tripo3d_v2p5_multi_N4_A-B-C-D_2025-08-17_v1_hdbac1aff.glb,0.65
639619_right-module_hunyuan3d_v2p1_single_N1_a_2025-08-17_v1_h6738cc46.glb,0.7
639619_right-module_hunyuan3d_v2p1_single_N1_a_2025-08-17_v1_hb2bcccf6.glb,0.65
639619_right-module_hunyuan3d_v2_single_N1_a_2025-08-17_v1_h2550ee28.glb,0.55
639619_right-module_hunyuan3d_v2_single_N1_a_2025-08-17_v1_h7d40284c.glb,0.6
639619_right-module_trellis_single_N1_a_2025-08-17_v1_hc0a78d66.glb,0.55
639619_right-module_trellis_single_N1_a_2025-08-17_v1_hce5d0b47.glb,0.6
639619_right-module_tripo3d_v2p5_single_N1_a_2025-08-17_v1_hdcce7c1f.glb,0.6
639619_right-module_tripo3d_v2p5_single_N1_a_2025-08-17_v1_he1267b64.glb,0.6
639619_right-module_triposr_single_N1_a_2025-08-17_v1_h4e315d3a.glb,0.3
639619_right-module_triposr_single_N1_a_2025-08-17_v1_h796f98ef.glb,0.3
639620__rodin_multi_N2_A-B_2025-08-17_v1_h8107e1f1.glb,0.65
639620__trellis_multi_multidiffusion_N2_A-B_2025-08-17_v1_h49ecc8f6.glb,0.55
639620__trellis_multi_stochastic_N2_A-B_2025-08-17_v1_ha979984e.glb,0.65
639620__tripo3d_v2p5_multi_N2_A-B_2025-08-17_v1_ha12f68d4.glb,0.5
639751__rodin_multi_N4_A-B-C-D_2025-08-17_v1_h13faf3c6.glb,0.7
639751__trellis_multi_multidiffusion_N4_A-B-C-D_2025-08-17_v1_ha58b886c.glb,0.6
639751__trellis_multi_stochastic_N4_A-B-C-D_2025-08-17_v1_h8cbf8840.glb,0.6
639751__tripo3d_v2p5_multi_N4_A-B-C-D_2025-08-17_v1_hb6cc005d.glb,0.6
639755__rodin_multi_N4_A-B-C-D_2025-08-17_v1_h191ab1ff.glb,0.6
639755__trellis_multi_multidiffusion_N4_A-B-C-D_2025-08-17_v1_h6ecb7810.glb,0.65
639755__trellis_multi_stochastic_N4_A-B-C-D_2025-08-17_v1_h922bc146.glb,0.65
639755__tripo3d_v2p5_multi_N4_A-B-C-D_2025-08-17_v1_h9c894b45.glb,0.575
639756__rodin_multi_N2_A-B_2025-08-17_v1_h007186d5.glb,0.7
639756__trellis_multi_multidiffusion_N2_A-B_2025-08-17_v1_h1caf6dee.glb,0.5
639756__trellis_multi_stochastic_N2_A-B_2025-08-17_v1_hb0e1961d.glb,0.5
639756__tripo3d_v2p5_multi_N2_A-B_2025-08-17_v1_hd2908b8b.glb,0.65
639757__rodin_multi_N3_A-B-C_2025-08-17_v1_h35bac76b.glb,0.75
639757__trellis_multi_multidiffusion_N3_A-B-C_2025-08-17_v1_h90ec7182.glb,0.725
639757__trellis_multi_stochastic_N3_A-B-C_2025-08-17_v1_h8f33c734.glb,0.6
639757__tripo3d_v2p5_multi_N3_A-B-C_2025-08-17_v1_h27f3176b.glb,0.85
645896__rodin_multi_N5_A-B-C-D-E_2025-08-17_v1_h29dfc6b7.glb,0.85
645896__trellis_multi_multidiffusion_N5_A-B-C-D-E_2025-08-17_v1_h1fd3ef67.glb,0.85
645896__trellis_multi_stochastic_N5_A-B-C-D-E_2025-08-17_v1_h0c8a8ac7.glb,0.8
645896__tripo3d_v2p5_multi_N4_A-B-C-D_2025-08-17_v1_h8166ad7d.glb,0.7
645897__rodin_multi_N5_A-B-C-D-E_2025-08-17_v1_h6c78d459.glb,0.5
645897__trellis_multi_multidiffusion_N5_A-B-C-D-E_2025-08-17_v1_h52846ec5.glb,0.8
645897__trellis_multi_stochastic_N5_A-B-C-D-E_2025-08-17_v1_h46ef41d3.glb,0.8
645897__tripo3d_v2p5_multi_N4_A-B-C-D_2025-08-17_v1_hc214d2ec.glb,0.45
645898__rodin_multi_N5_A-B-C-D-E_2025-08-17_v1_h370215e8.glb,0.7
645898__trellis_multi_multidiffusion_N5_A-B-C-D-E_2025-08-17_v1_h89ac4ca9.glb,0.6
645898__trellis_multi_stochastic_N5_A-B-C-D-E_2025-08-17_v1_hf8b4431f.glb,0.6
645898__tripo3d_v2p5_multi_N4_A-B-C-D_2025-08-17_v1_h222cd7f5.glb,0.5
645899__rodin_multi_N3_A-B-C_2025-08-17_v1_h31e8d613.glb,0.75
645899__trellis_multi_multidiffusion_N3_A-B-C_2025-08-17_v1_hfbc30e1f.glb,0.55
645899__trellis_multi_stochastic_N3_A-B-C_2025-08-17_v1_h79ac3fe6.glb,0.6
645899__tripo3d_v2p5_multi_N3_A-B-C_2025-08-17_v1_h741153c0.glb,0.55
645900__rodin_multi_N2_A-B_2025-08-17_v1_h89fbdd69.glb,0.55
645900__trellis_multi_multidiffusion_N2_A-B_2025-08-17_v1_h866fdcb7.glb,0.4
645900__trellis_multi_stochastic_N2_A-B_2025-08-17_v1_hc2b05216.glb,0.3
645900__tripo3d_v2p5_multi_N2_A-B_2025-08-17_v1_hc34ee82f.glb,0.925
665674__rodin_multi_N5_A-B-C-D-E_2025-08-17_v1_h84ac5ee5.glb,0.825
665674__trellis_multi_multidiffusion_N5_A-B-C-D-E_2025-08-17_v1_h38439933.glb,0.75
665674__trellis_multi_stochastic_N5_A-B-C-D-E_2025-08-17_v1_h4d6b0222.glb,0.3
665674__tripo3d_v2p5_multi_N4_A-B-C-D_2025-08-17_v1_he2376b5d.glb,0.45
665678__rodin_multi_N3_A-B-C_2025-08-17_v1_h151c926a.glb,0.65
665678__trellis_multi_multidiffusion_N3_A-B-C_2025-08-17_v1_hdcd2fe62.glb,0.75
665678__trellis_multi_stochastic_N3_A-B-C_2025-08-17_v1_h14bbbce0.glb,0.75
665678__tripo3d_v2p5_multi_N3_A-B-C_2025-08-17_v1_h637fab0a.glb,0.4
665680_65-cm_rodin_multi_N2_A-B_2025-08-17_v1_h79397669.glb,0.75
665680_65-cm_trellis_multi_multidiffusion_N2_A-B_2025-08-17_v1_hc70b019f.glb,0.3
665680_65-cm_trellis_multi_stochastic_N2_A-B_2025-08-17_v1_h4591d69c.glb,0.3
665680_65-cm_tripo3d_v2p5_multi_N2_A-B_2025-08-17_v1_he5fd7647.glb,0.45
665680_75-cm_rodin_multi_N3_A-B-C_2025-08-17_v1_hbc1551f7.glb,0.6
665680_75-cm_trellis_multi_multidiffusion_N3_A-B-C_2025-08-17_v1_h4c787dd0.glb,0.35
665680_75-cm_trellis_multi_stochastic_N3_A-B-C_2025-08-17_v1_h3a8c3349.glb,0.375
665680_75-cm_tripo3d_v2p5_multi_N3_A-B-C_2025-08-17_v1_h374b5746.glb,0.5
665683__rodin_multi_N2_A-B_2025-08-17_v1_hd9268864.glb,0.6
665683__trellis_multi_multidiffusion_N2_A-B_2025-08-17_v1_h9b2f40ba.glb,0.3
665683__trellis_multi_stochastic_N2_A-B_2025-08-17_v1_hdc3d9a2f.glb,0.3
665683__tripo3d_v2p5_multi_N2_A-B_2025-08-17_v1_h0ba9d1bb.glb,0.65
665688__rodin_multi_N3_A-B-C_2025-08-17_v1_h448bffcc.glb,0.7
665688__trellis_multi_multidiffusion_N3_A-B-C_2025-08-17_v1_h770621da.glb,0.825
665688__trellis_multi_stochastic_N3_A-B-C_2025-08-17_v1_h6a09f542.glb,0.825
665688__tripo3d_v2p5_multi_N3_A-B-C_2025-08-17_v1_hdb5090db.glb,0.875
665695__rodin_multi_N4_A-B-C-D_2025-08-17_v1_h38394953.glb,0.55
665695__trellis_multi_multidiffusion_N4_A-B-C-D_2025-08-17_v1_hb4d2c4f6.glb,0.4
665695__trellis_multi_stochastic_N4_A-B-C-D_2025-08-17_v1_h2001ce7f.glb,0.35
665695__tripo3d_v2p5_multi_N4_A-B-C-D_2025-08-17_v1_hcd139aa5.glb,0.3
679624__rodin_multi_N3_A-B-C_2025-08-17_v1_he6099e6d.glb,0.6
679624__trellis_multi_multidiffusion_N3_A-B-C_2025-08-17_v1_h03c73ca4.glb,0.7
679624__trellis_multi_stochastic_N3_A-B-C_2025-08-17_v1_hc792a9c1.glb,0.6
679624__tripo3d_v2p5_multi_N3_A-B-C_2025-08-17_v1_h2e8a0a74.glb,0.6
682265__rodin_multi_N2_A-B_2025-08-17_v1_ha9525dd1.glb,0.6
682265__trellis_multi_multidiffusion_N2_A-B_2025-08-17_v1_h52d83e29.glb,0.3
682265__trellis_multi_stochastic_N2_A-B_2025-08-17_v1_hdbe9e1e6.glb,0.3
682265__tripo3d_v2p5_multi_N2_A-B_2025-08-17_v1_h8b59b3ed.glb,0.35
682267__rodin_multi_N2_A-B_2025-08-17_v1_h2b631c15.glb,0.55
682267__trellis_multi_multidiffusion_N2_A-B_2025-08-17_v1_he4176da7.glb,0.3
682267__trellis_multi_stochastic_N2_A-B_2025-08-17_v1_h9660a77f.glb,0.8
682267__tripo3d_v2p5_multi_N2_A-B_2025-08-17_v1_ha559d878.glb,0.3
682276__rodin_multi_N2_A-B_2025-08-17_v1_h3f283e64.glb,0.65
682276__trellis_multi_multidiffusion_N2_A-B_2025-08-17_v1_h0a2c0a87.glb,0.75
682276__trellis_multi_stochastic_N2_A-B_2025-08-17_v1_hc9c5de48.glb,0.725
682276__tripo3d_v2p5_multi_N2_A-B_2025-08-17_v1_haeb22ce7.glb,0.45
682284__rodin_multi_N2_A-B_2025-08-17_v1_hded31c04.glb,0.55
682284__trellis_multi_multidiffusion_N2_A-B_2025-08-17_v1_hf4291fd7.glb,0.8
682284__trellis_multi_stochastic_N2_A-B_2025-08-17_v1_hb99fc3a1.glb,0.55
682284__tripo3d_v2p5_multi_N2_A-B_2025-08-17_v1_h9361a88a.glb,0.55
682289_65-cm_rodin_multi_N2_A-B_2025-08-17_v1_h67a9a2c6.glb,0.55
682289_65-cm_trellis_multi_multidiffusion_N2_A-B_2025-08-17_v1_h9a670658.glb,0.3
682289_65-cm_trellis_multi_stochastic_N2_A-B_2025-08-17_v1_h8a2d9d43.glb,0.55
682289_65-cm_tripo3d_v2p5_multi_N2_A-B_2025-08-17_v1_h7fd1e70c.glb,0.65
682289_75-cm_rodin_multi_N2_A-B_2025-08-17_v1_h85b87c4e.glb,0.55
682289_75-cm_trellis_multi_multidiffusion_N2_A-B_2025-08-17_v1_hcbc05e1e.glb,0.3
682289_75-cm_trellis_multi_stochastic_N2_A-B_2025-08-17_v1_ha10206c1.glb,0.5
682289_75-cm_tripo3d_v2p5_multi_N2_A-B_2025-08-17_v1_h27dd211c.glb,0.45
691480__rodin_multi_N4_A-B-C-D_2025-08-17_v1_hc7937bdf.glb,0.55
691480__trellis_multi_multidiffusion_N4_A-B-C-D_2025-08-17_v1_hbbd42277.glb,0.5
691480__trellis_multi_stochastic_N4_A-B-C-D_2025-08-17_v1_hdd350c6b.glb,0.5
691480__tripo3d_v2p5_multi_N4_A-B-C-D_2025-08-17_v1_h889a3687.glb,0.5
691486__rodin_multi_N3_A-B-C_2025-08-17_v1_he5550f9f.glb,0.5
691486__trellis_multi_multidiffusion_N3_A-B-C_2025-08-17_v1_h0f38d2a9.glb,0.3
691486__trellis_multi_stochastic_N3_A-B-C_2025-08-17_v1_h081974e2.glb,0.55
691486__tripo3d_v2p5_multi_N3_A-B-C_2025-08-17_v1_h0f7d27fa.glb,0.5
691520__rodin_multi_N3_A-B-C_2025-08-17_v1_h393ee380.glb,0.825
691520__trellis_multi_multidiffusion_N3_A-B-C_2025-08-17_v1_h0e819770.glb,0.725
691520__trellis_multi_stochastic_N3_A-B-C_2025-08-17_v1_h892c7107.glb,0.9
691520__tripo3d_v2p5_multi_N3_A-B-C_2025-08-17_v1_h4d03f41f.glb,0.5
691521__rodin_multi_N2_A-B_2025-08-17_v1_h2fe41583.glb,0.8
691521__trellis_multi_multidiffusion_N2_A-B_2025-08-17_v1_he5ca3f5b.glb,0.4
691521__trellis_multi_stochastic_N2_A-B_2025-08-17_v1_h77afc5b5.glb,0.35
691521__tripo3d_v2p5_multi_N2_A-B_2025-08-17_v1_h188753db.glb,0.45
691522__rodin_multi_N2_A-B_2025-08-17_v1_hf1c7c05f.glb,0.8
691522__trellis_multi_multidiffusion_N2_A-B_2025-08-17_v1_h8157211d.glb,0.3
691522__trellis_multi_stochastic_N2_A-B_2025-08-17_v1_h9a9de2c1.glb,0.3
691522__tripo3d_v2p5_multi_N2_A-B_2025-08-17_v1_h1c4408ff.glb,0.925
691561_long-round_hunyuan3d_v2p1_single_N1_a_2025-08-17_v1_h023682d2.glb,0.875
691561_long-round_hunyuan3d_v2p1_single_N1_a_2025-08-17_v1_h730bbf97.glb,0.875
691561_long-round_hunyuan3d_v2_single_N1_a_2025-08-17_v1_h28cb5369.glb,0.55
691561_long-round_hunyuan3d_v2_single_N1_a_2025-08-17_v1_h47259f96.glb,0.5
691561_long-round_trellis_single_N1_a_2025-08-17_v1_hd604f805.glb,0.35
691561_long-round_trellis_single_N1_a_2025-08-17_v1_he46affe6.glb,0.35
691561_long-round_tripo3d_v2p5_single_N1_a_2025-08-17_v1_h288bf532.glb,0.675
691561_long-round_tripo3d_v2p5_single_N1_a_2025-08-17_v1_hdc516eb9.glb,0.55
691561_long-round_triposr_single_N1_a_2025-08-17_v1_h0b6a1139.glb,0.3
691561_long-round_triposr_single_N1_a_2025-08-17_v1_h5071a006.glb,0.3
691561_medium-rounded_hunyuan3d_v2p1_single_N1_a_2025-08-17_v1_h0d0724d4.glb,0.4
691561_medium-rounded_hunyuan3d_v2p1_single_N1_a_2025-08-17_v1_hff7b5c2c.glb,0.4
691561_medium-rounded_hunyuan3d_v2_single_N1_a_2025-08-17_v1_h06c93df6.glb,0.45
691561_medium-rounded_hunyuan3d_v2_single_N1_a_2025-08-17_v1_hfab58442.glb,0.5
691561_medium-rounded_trellis_single_N1_a_2025-08-17_v1_h1c214b4b.glb,0.35
691561_medium-rounded_trellis_single_N1_a_2025-08-17_v1_hf8fd8848.glb,0.5
691561_medium-rounded_tripo3d_v2p5_single_N1_a_2025-08-17_v1_h18c039ea.glb,0.55
691561_medium-rounded_tripo3d_v2p5_single_N1_a_2025-08-17_v1_h69dfb7e7.glb,0.55
691561_medium-rounded_triposr_single_N1_a_2025-08-17_v1_hd004e0c7.glb,0.3
691561_medium-rounded_triposr_single_N1_a_2025-08-17_v1_hf5d7b8bf.glb,0.3
691561_medium-square_hunyuan3d_v2p1_single_N1_a_2025-08-17_v1_h34aa65a6.glb,0.6
691561_medium-square_hunyuan3d_v2p1_single_N1_a_2025-08-17_v1_hf0fdce0b.glb,0.6
691561_medium-square_hunyuan3d_v2_single_N1_a_2025-08-17_v1_ha4c35c32.glb,0.35
691561_medium-square_hunyuan3d_v2_single_N1_a_2025-08-17_v1_hc66a5c88.glb,0.35
691561_medium-square_trellis_single_N1_a_2025-08-17_v1_h07f6052a.glb,0.55
691561_medium-square_trellis_single_N1_a_2025-08-17_v1_hcf45f290.glb,0.5
691561_medium-square_tripo3d_v2p5_single_N1_a_2025-08-17_v1_h896fe8b5.glb,0.55
691561_medium-square_tripo3d_v2p5_single_N1_a_2025-08-17_v1_h95592b3c.glb,0.55
691561_medium-square_triposr_single_N1_a_2025-08-17_v1_h099e5da8.glb,0.3
691561_medium-square_triposr_single_N1_a_2025-08-17_v1_ha1704161.glb,0.3
691564_long-round_hunyuan3d_v2p1_single_N1_a_2025-08-17_v1_h6f097102.glb,0.65
691564_long-round_hunyuan3d_v2p1_single_N1_a_2025-08-17_v1_hfcd92a54.glb,0.65
691564_long-round_hunyuan3d_v2_single_N1_a_2025-08-17_v1_h058e70ef.glb,0.45
691564_long-round_hunyuan3d_v2_single_N1_a_2025-08-17_v1_h138e0b31.glb,0.4
691564_long-round_trellis_single_N1_a_2025-08-17_v1_h13d7f36c.glb,0.5
691564_long-round_trellis_single_N1_a_2025-08-17_v1_hf52afd2b.glb,0.35
691564_long-round_tripo3d_v2p5_single_N1_a_2025-08-17_v1_h0c6878fa.glb,0.7
691564_long-round_tripo3d_v2p5_single_N1_a_2025-08-17_v1_h7a2d23e5.glb,0.5
691564_long-round_triposr_single_N1_a_2025-08-17_v1_h50d710c4.glb,0.3
691564_long-round_triposr_single_N1_a_2025-08-17_v1_h71646918.glb,0.3
691564_medium-round_hunyuan3d_v2p1_single_N1_a_2025-08-17_v1_h5ecb7a3d.glb,0.45
691564_medium-round_hunyuan3d_v2p1_single_N1_a_2025-08-17_v1_h642b5f3f.glb,0.5
691564_medium-round_hunyuan3d_v2_single_N1_a_2025-08-17_v1_h06866059.glb,0.6
691564_medium-round_hunyuan3d_v2_single_N1_a_2025-08-17_v1_h6873607c.glb,0.725
691564_medium-round_trellis_single_N1_a_2025-08-17_v1_h753e7ace.glb,0.5
691564_medium-round_trellis_single_N1_a_2025-08-17_v1_hd1ea846d.glb,0.5
691564_medium-round_tripo3d_v2p5_single_N1_a_2025-08-17_v1_h7cd8d7e4.glb,0.55
691564_medium-round_tripo3d_v2p5_single_N1_a_2025-08-17_v1_hda635bf2.glb,0.55
691564_medium-round_triposr_single_N1_a_2025-08-17_v1_h3fbf19d5.glb,0.35
691564_medium-round_triposr_single_N1_a_2025-08-17_v1_he22ba1c0.glb,0.3
691564_medium-square_hunyuan3d_v2p1_single_N1_a_2025-08-17_v1_h2f0032d4.glb,0.45
691564_medium-square_hunyuan3d_v2p1_single_N1_a_2025-08-17_v1_h4b9298e9.glb,0.45
691564_medium-square_hunyuan3d_v2_single_N1_a_2025-08-17_v1_h3affdbba.glb,0.35
691564_medium-square_hunyuan3d_v2_single_N1_a_2025-08-17_v1_h68d544ed.glb,0.35
691564_medium-square_trellis_single_N1_a_2025-08-17_v1_h22624d99.glb,0.55
691564_medium-square_trellis_single_N1_a_2025-08-17_v1_h2d838cd9.glb,0.4
691564_medium-square_tripo3d_v2p5_single_N1_a_2025-08-17_v1_h4ba74066.glb,0.55
691564_medium-square_tripo3d_v2p5_single_N1_a_2025-08-17_v1_h6d0c7a0d.glb,0.6
691564_medium-square_triposr_single_N1_a_2025-08-17_v1_h6432fbc7.glb,0.25
691564_medium-square_triposr_single_N1_a_2025-08-17_v1_hf10b5a51.glb,0.25
691564_short-round_hunyuan3d_v2p1_single_N1_a_2025-08-17_v1_hc6135e26.glb,0.45
691564_short-round_hunyuan3d_v2p1_single_N1_a_2025-08-17_v1_hfb71bff7.glb,0.45
691564_short-round_hunyuan3d_v2_single_N1_a_2025-08-17_v1_h56481624.glb,0.55
691564_short-round_hunyuan3d_v2_single_N1_a_2025-08-17_v1_hf3159311.glb,0.55
691564_short-round_trellis_single_N1_a_2025-08-17_v1_h400d79cf.glb,0.5
691564_short-round_trellis_single_N1_a_2025-08-17_v1_h6a326d55.glb,0.5
691564_short-round_tripo3d_v2p5_single_N1_a_2025-08-17_v1_h162d9b4b.glb,0.7
691564_short-round_tripo3d_v2p5_single_N1_a_2025-08-17_v1_h8f9c8838.glb,0.725
691564_short-round_triposr_single_N1_a_2025-08-17_v1_h1907e59e.glb,0.3
691564_short-round_triposr_single_N1_a_2025-08-17_v1_h55010b71.glb,0.3
691598_short_hunyuan3d_v2p1_single_N1_a_2025-08-17_v1_h3c18f03e.glb,0.5
691598_short_hunyuan3d_v2p1_single_N1_a_2025-08-17_v1_h7b47383e.glb,0.5
691598_short_hunyuan3d_v2_single_N1_a_2025-08-17_v1_h5630a9a5.glb,0.5
691598_short_hunyuan3d_v2_single_N1_a_2025-08-17_v1_ha9d33c85.glb,0.5
691598_short_trellis_single_N1_a_2025-08-17_v1_hb1959940.glb,0.5
691598_short_trellis_single_N1_a_2025-08-17_v1_hb226b7a8.glb,0.5
691598_short_tripo3d_v2p5_single_N1_a_2025-08-17_v1_h3c1d90da.glb,0.55
691598_short_tripo3d_v2p5_single_N1_a_2025-08-17_v1_hda435f73.glb,0.55
691598_short_triposr_single_N1_a_2025-08-17_v1_h2ff8824d.glb,0.35
691598_short_triposr_single_N1_a_2025-08-17_v1_hcca1ccff.glb,0.35
691598_tall_hunyuan3d_v2p1_single_N1_a_2025-08-17_v1_h5424b446.glb,0.5
691598_tall_hunyuan3d_v2p1_single_N1_a_2025-08-17_v1_h55e37de7.glb,0.5
691598_tall_hunyuan3d_v2_single_N1_a_2025-08-17_v1_h9ef04060.glb,0.4
691598_tall_hunyuan3d_v2_single_N1_a_2025-08-17_v1_hc6fc39f3.glb,0.35
691598_tall_trellis_single_N1_a_2025-08-17_v1_h3a73bdaa.glb,0.35
691598_tall_trellis_single_N1_a_2025-08-17_v1_haf1d8c57.glb,0.4
691598_tall_tripo3d_v2p5_single_N1_a_2025-08-17_v1_h7e47a2c2.glb,0.7
691598_tall_tripo3d_v2p5_single_N1_a_2025-08-17_v1_hde3a763b.glb,0.75
691598_tall_triposr_single_N1_a_2025-08-17_v1_h768e3a85.glb,0.35
691598_tall_triposr_single_N1_a_2025-08-17_v1_h77ce9ab7.glb,0.3
691598_wide_rodin_multi_N2_A-B_2025-08-17_v1_hc56c1dd5.glb,0.35
691598_wide_trellis_multi_multidiffusion_N2_A-B_2025-08-17_v1_h7b70d855.glb,0.9
691598_wide_trellis_multi_stochastic_N2_A-B_2025-08-17_v1_h7d6bb2cc.glb,0.3
691598_wide_tripo3d_v2p5_multi_N2_A-B_2025-08-17_v1_hf8e753aa.glb,0.3
691622_tall_hunyuan3d_v2p1_single_N1_a_2025-08-17_v1_h5a05fff6.glb,0.5
691622_tall_hunyuan3d_v2p1_single_N1_a_2025-08-17_v1_h8bc5161a.glb,0.5
691622_tall_hunyuan3d_v2_single_N1_a_2025-08-17_v1_h56a1e9d7.glb,0.7
691622_tall_hunyuan3d_v2_single_N1_a_2025-08-17_v1_h821a400d.glb,0.35
691622_tall_trellis_single_N1_a_2025-08-17_v1_h1f72ae71.glb,0.85
691622_tall_trellis_single_N1_a_2025-08-17_v1_h7332eb2c.glb,0.8
691622_tall_tripo3d_v2p5_single_N1_a_2025-08-17_v1_h5337b163.glb,0.5
691622_tall_tripo3d_v2p5_single_N1_a_2025-08-17_v1_h6241f6fe.glb,0.825
691622_tall_triposr_single_N1_a_2025-08-17_v1_h4a0065f1.glb,0.3
691622_tall_triposr_single_N1_a_2025-08-17_v1_ha47047e4.glb,0.3
691622_wide_hunyuan3d_v2p1_single_N1_a_2025-08-17_v1_h09281568.glb,0.4
691622_wide_hunyuan3d_v2p1_single_N1_a_2025-08-17_v1_h1675a64f.glb,0.5
691622_wide_hunyuan3d_v2_single_N1_a_2025-08-17_v1_h34a984c2.glb,0.825
691622_wide_hunyuan3d_v2_single_N1_a_2025-08-17_v1_h8e30c427.glb,0.9
691622_wide_trellis_single_N1_a_2025-08-17_v1_hec079c5c.glb,0.75
691622_wide_trellis_single_N1_a_2025-08-17_v1_hf7dfd822.glb,0.8
691622_wide_tripo3d_v2p5_single_N1_a_2025-08-17_v1_h77c9b844.glb,0.35
691622_wide_tripo3d_v2p5_single_N1_a_2025-08-17_v1_he990b8f2.glb,0.75
691622_wide_triposr_single_N1_a_2025-08-17_v1_h3b26213f.glb,0.35
691622_wide_triposr_single_N1_a_2025-08-17_v1_h897ff305.glb,0.35
691623__rodin_multi_N2_A-B_2025-08-17_v1_hcdbd676f.glb,0.9
691623__trellis_multi_multidiffusion_N2_A-B_2025-08-17_v1_h772b2cc0.glb,0.3
691623__trellis_multi_stochastic_N2_A-B_2025-08-17_v1_h0c4f0543.glb,0.35
691623__tripo3d_v2p5_multi_N2_A-B_2025-08-17_v1_h86bfc693.glb,0.6
691634__rodin_multi_N2_A-B_2025-08-17_v1_h37cf9f37.glb,0.65
691634__trellis_multi_multidiffusion_N2_A-B_2025-08-17_v1_h311b8d78.glb,0.4
691634__trellis_multi_stochastic_N2_A-B_2025-08-17_v1_h161a39cb.glb,0.55
691634__tripo3d_v2p5_multi_N2_A-B_2025-08-17_v1_hb687d9ae.glb,0.45
691689_left_rodin_multi_N2_A-B_2025-08-17_v1_hb39fc4ac.glb,0.5
691689_left_trellis_multi_multidiffusion_N2_A-B_2025-08-17_v1_h21eaf2ed.glb,0.35
691689_left_trellis_multi_stochastic_N2_A-B_2025-08-17_v1_h920c7c3a.glb,0.4
691689_left_tripo3d_v2p5_multi_N2_A-B_2025-08-17_v1_h27650374.glb,0.4
691689_right_rodin_multi_N2_A-B_2025-08-17_v1_hdaf92ae8.glb,0.45
691689_right_trellis_multi_multidiffusion_N2_A-B_2025-08-17_v1_hd2b1a11a.glb,0.3
691689_right_trellis_multi_stochastic_N2_A-B_2025-08-17_v1_h4c3115c0.glb,0.3
691689_right_tripo3d_v2p5_multi_N2_A-B_2025-08-17_v1_h4139e0cc.glb,0.3
691695__rodin_multi_N2_A-B_2025-08-17_v1_h9b5236ec.glb,0.6
691695__trellis_multi_multidiffusion_N2_A-B_2025-08-17_v1_ha83d2798.glb,0.6
691695__trellis_multi_stochastic_N2_A-B_2025-08-17_v1_h5ad6d08c.glb,0.6
691695__tripo3d_v2p5_multi_N2_A-B_2025-08-17_v1_h3bef6bb0.glb,0.6
691697__rodin_multi_N3_A-B-C_2025-08-17_v1_h0f28e643.glb,0.65
691697__trellis_multi_multidiffusion_N3_A-B-C_2025-08-17_v1_hf883a795.glb,0.3
691697__trellis_multi_stochastic_N3_A-B-C_2025-08-17_v1_h337e082c.glb,0.3
691697__tripo3d_v2p5_multi_N3_A-B-C_2025-08-17_v1_h8ccc587c.glb,0.45
709318__rodin_multi_N3_A-B-C_2025-08-17_v1_h113f42d0.glb,0.35
709318__trellis_multi_multidiffusion_N3_A-B-C_2025-08-17_v1_ha7368595.glb,0.6
709318__trellis_multi_stochastic_N3_A-B-C_2025-08-17_v1_ha77502e1.glb,0.65
709318__tripo3d_v2p5_multi_N3_A-B-C_2025-08-17_v1_ha0d411bc.glb,0.85
709320__rodin_multi_N3_A-B-C_2025-08-17_v1_ha651376f.glb,0.3
709320__trellis_multi_multidiffusion_N3_A-B-C_2025-08-17_v1_h93d5c601.glb,0.6
709320__trellis_multi_stochastic_N3_A-B-C_2025-08-17_v1_hd8a8ec3e.glb,0.65
709320__tripo3d_v2p5_multi_N3_A-B-C_2025-08-17_v1_hb97447ad.glb,0.3
709321__rodin_multi_N3_A-B-C_2025-08-17_v1_h88d9b4a8.glb,0.55
709321__trellis_multi_multidiffusion_N3_A-B-C_2025-08-17_v1_h6023d795.glb,0.45
709321__trellis_multi_stochastic_N3_A-B-C_2025-08-17_v1_h25395de1.glb,0.55
709321__tripo3d_v2p5_multi_N3_A-B-C_2025-08-17_v1_hac25db15.glb,0.4
709322__rodin_multi_N3_A-B-C_2025-08-17_v1_h1945e5f5.glb,0.5
709322__trellis_multi_multidiffusion_N3_A-B-C_2025-08-17_v1_heaf10665.glb,0.3
709322__trellis_multi_stochastic_N3_A-B-C_2025-08-17_v1_h69db6bde.glb,0.3
709322__tripo3d_v2p5_multi_N3_A-B-C_2025-08-17_v1_hd4066f4a.glb,0.3
709323__rodin_multi_N3_A-B-C_2025-08-17_v1_h087148c6.glb,0.45
709323__trellis_multi_multidiffusion_N3_A-B-C_2025-08-17_v1_h6fab5ad9.glb,0.4
709323__trellis_multi_stochastic_N3_A-B-C_2025-08-17_v1_h06092c12.glb,0.3
709323__tripo3d_v2p5_multi_N3_A-B-C_2025-08-17_v1_h83c30022.glb,0.45
709324__rodin_multi_N3_A-B-C_2025-08-17_v1_h4bd7171f.glb,0.5
709324__trellis_multi_multidiffusion_N3_A-B-C_2025-08-17_v1_h4caffc43.glb,0.3
709324__trellis_multi_stochastic_N3_A-B-C_2025-08-17_v1_h2fbea931.glb,0.3
709324__tripo3d_v2p5_multi_N3_A-B-C_2025-08-17_v1_h8a6b0901.glb,0.3
709360__rodin_multi_N3_A-B-C_2025-08-17_v1_heab4481a.glb,0.3
709360__trellis_multi_multidiffusion_N3_A-B-C_2025-08-17_v1_he58ad0a2.glb,0.3
709360__trellis_multi_stochastic_N3_A-B-C_2025-08-17_v1_hb45748a4.glb,0.3
709360__tripo3d_v2p5_multi_N3_A-B-C_2025-08-17_v1_hb893216c.glb,0.55
737015__rodin_multi_N4_A-B-C-D_2025-08-17_v1_h9eb241af.glb,0.75
737015__trellis_multi_multidiffusion_N4_A-B-C-D_2025-08-17_v1_h8fc45ebf.glb,0.5
737015__trellis_multi_stochastic_N4_A-B-C-D_2025-08-17_v1_h05da8fbc.glb,0.8
737015__tripo3d_v2p5_multi_N4_A-B-C-D_2025-08-17_v1_h19513564.glb,0.6
737025__rodin_multi_N4_A-B-C-D_2025-08-17_v1_h075f57dd.glb,0.55
737025__trellis_multi_multidiffusion_N4_A-B-C-D_2025-08-17_v1_hdee95f42.glb,0.55
737025__trellis_multi_stochastic_N4_A-B-C-D_2025-08-17_v1_haa0a4218.glb,0.5
737025__tripo3d_v2p5_multi_N4_A-B-C-D_2025-08-17_v1_h67065289.glb,0.3
737048__rodin_multi_N3_A-B-C_2025-08-17_v1_h84118e59.glb,0.55
737048__trellis_multi_multidiffusion_N3_A-B-C_2025-08-17_v1_h4f4f3a54.glb,0.5
737048__trellis_multi_stochastic_N3_A-B-C_2025-08-17_v1_hba6202da.glb,0.35
737048__tripo3d_v2p5_multi_N3_A-B-C_2025-08-17_v1_hea8be8dc.glb,0.55
737068__rodin_multi_N3_A-B-C_2025-08-17_v1_h14062fdf.glb,0.9
737068__trellis_multi_multidiffusion_N3_A-B-C_2025-08-17_v1_h03afdafd.glb,0.45
737068__trellis_multi_stochastic_N3_A-B-C_2025-08-17_v1_ha3d55b27.glb,0.45
737068__tripo3d_v2p5_multi_N3_A-B-C_2025-08-17_v1_ha8f30c0b.glb,0.55
737086__rodin_multi_N3_A-B-C_2025-08-17_v1_h6fd82ae4.glb,0.6
737086__trellis_multi_multidiffusion_N3_A-B-C_2025-08-17_v1_hd2d11182.glb,0.5
737086__trellis_multi_stochastic_N3_A-B-C_2025-08-17_v1_h135518a6.glb,0.55
737086__tripo3d_v2p5_multi_N3_A-B-C_2025-08-17_v1_h4b1d3902.glb,0.3
739014__rodin_multi_N3_A-B-C_2025-08-17_v1_h62dcf406.glb,0.55
739014__trellis_multi_multidiffusion_N3_A-B-C_2025-08-17_v1_ha5718d3b.glb,0.4
739014__trellis_multi_stochastic_N3_A-B-C_2025-08-17_v1_h2c2a4e87.glb,0.4
739014__tripo3d_v2p5_multi_N3_A-B-C_2025-08-17_v1_h53078ed6.glb,0.75
